-- phpMyAdmin SQL Dump
-- version 5.0.3
-- https://www.phpmyadmin.net/
--
-- Host: 127.0.0.1
-- Waktu pembuatan: 03 Sep 2024 pada 15.51
-- Versi server: 10.4.14-MariaDB
-- Versi PHP: 7.4.11

SET SQL_MODE = "NO_AUTO_VALUE_ON_ZERO";
START TRANSACTION;
SET time_zone = "+00:00";


/*!40101 SET @OLD_CHARACTER_SET_CLIENT=@@CHARACTER_SET_CLIENT */;
/*!40101 SET @OLD_CHARACTER_SET_RESULTS=@@CHARACTER_SET_RESULTS */;
/*!40101 SET @OLD_COLLATION_CONNECTION=@@COLLATION_CONNECTION */;
/*!40101 SET NAMES utf8mb4 */;

--
-- Database: `sipilma`
--

-- --------------------------------------------------------

--
-- Struktur dari tabel `alternatives`
--

CREATE TABLE `alternatives` (
  `id` int(10) UNSIGNED NOT NULL,
  `code` varchar(255) COLLATE utf8_unicode_ci NOT NULL,
  `name` varchar(255) COLLATE utf8_unicode_ci NOT NULL,
  `created_at` timestamp NULL DEFAULT NULL,
  `updated_at` timestamp NULL DEFAULT NULL,
  `deleted_at` timestamp NULL DEFAULT NULL
) ENGINE=InnoDB DEFAULT CHARSET=utf8 COLLATE=utf8_unicode_ci;

--
-- Dumping data untuk tabel `alternatives`
--

INSERT INTO `alternatives` (`id`, `code`, `name`, `created_at`, `updated_at`, `deleted_at`) VALUES
(2, 'ALT1', 'Sri sundari', '2024-08-31 04:57:04', '2024-09-03 06:37:25', NULL),
(25, 'ALT2', 'Warsiti', '2024-09-02 18:33:29', '2024-09-03 06:37:34', NULL),
(26, 'ALT3', 'Alternatif 3', '2024-09-02 18:33:42', '2024-09-02 18:33:42', NULL),
(27, 'ALT4', 'Alternatif 4', '2024-09-02 18:33:54', '2024-09-02 18:33:54', NULL),
(28, 'ALT5', 'Alternatif 5', '2024-09-02 18:34:04', '2024-09-02 18:34:04', NULL),
(29, 'ALT6', 'Alternatif 6', '2024-09-02 18:34:16', '2024-09-02 18:34:16', NULL),
(30, 'ALT7', 'Alternatif 7', '2024-09-02 18:34:25', '2024-09-02 18:34:25', NULL),
(31, 'ALT8', 'Alternatif 8', '2024-09-02 18:34:35', '2024-09-02 18:34:35', NULL);

-- --------------------------------------------------------

--
-- Struktur dari tabel `alternative_comparisons`
--

CREATE TABLE `alternative_comparisons` (
  `id` int(10) UNSIGNED NOT NULL,
  `criteria_id` int(10) UNSIGNED NOT NULL,
  `x_alternative_id` int(10) UNSIGNED NOT NULL,
  `y_alternative_id` int(10) UNSIGNED NOT NULL,
  `value` double(8,5) NOT NULL,
  `created_at` timestamp NULL DEFAULT NULL,
  `updated_at` timestamp NULL DEFAULT NULL
) ENGINE=InnoDB DEFAULT CHARSET=utf8 COLLATE=utf8_unicode_ci;

--
-- Dumping data untuk tabel `alternative_comparisons`
--

INSERT INTO `alternative_comparisons` (`id`, `criteria_id`, `x_alternative_id`, `y_alternative_id`, `value`, `created_at`, `updated_at`) VALUES
(1832, 15, 2, 2, 1.00000, '2024-09-02 18:50:17', '2024-09-02 18:50:17'),
(1833, 15, 2, 25, 2.00000, '2024-09-02 18:50:26', '2024-09-02 18:50:26'),
(1834, 15, 25, 2, 0.50000, '2024-09-02 18:50:26', '2024-09-02 18:50:26'),
(1835, 15, 2, 26, 1.00000, '2024-09-02 18:50:58', '2024-09-02 18:50:58'),
(1836, 15, 26, 2, 1.00000, '2024-09-02 18:50:58', '2024-09-02 18:50:58'),
(1837, 15, 2, 27, 2.00000, '2024-09-02 18:51:08', '2024-09-02 18:51:08'),
(1838, 15, 27, 2, 0.50000, '2024-09-02 18:51:08', '2024-09-02 18:51:08'),
(1839, 15, 2, 28, 5.00000, '2024-09-02 18:51:18', '2024-09-02 18:51:18'),
(1840, 15, 28, 2, 0.20000, '2024-09-02 18:51:18', '2024-09-02 18:51:18'),
(1841, 15, 2, 29, 3.00000, '2024-09-02 18:51:34', '2024-09-02 18:51:34'),
(1842, 15, 29, 2, 0.33333, '2024-09-02 18:51:34', '2024-09-02 18:51:34'),
(1843, 15, 2, 30, 3.00000, '2024-09-02 18:51:42', '2024-09-02 18:51:42'),
(1844, 15, 30, 2, 0.33333, '2024-09-02 18:51:42', '2024-09-02 18:51:42'),
(1845, 15, 2, 31, 3.00000, '2024-09-02 18:51:49', '2024-09-02 18:51:49'),
(1846, 15, 31, 2, 0.33333, '2024-09-02 18:51:49', '2024-09-02 18:51:49'),
(1849, 15, 25, 25, 1.00000, '2024-09-02 18:52:02', '2024-09-02 18:52:02'),
(1850, 15, 25, 26, 2.00000, '2024-09-02 18:52:09', '2024-09-02 18:52:09'),
(1851, 15, 26, 25, 0.50000, '2024-09-02 18:52:09', '2024-09-02 18:52:09'),
(1852, 15, 25, 27, 2.00000, '2024-09-02 18:52:18', '2024-09-02 18:52:18'),
(1853, 15, 27, 25, 0.50000, '2024-09-02 18:52:18', '2024-09-02 18:52:18'),
(1854, 15, 25, 28, 5.00000, '2024-09-02 18:52:27', '2024-09-02 18:52:27'),
(1855, 15, 28, 25, 0.20000, '2024-09-02 18:52:27', '2024-09-02 18:52:27'),
(1856, 15, 25, 29, 3.00000, '2024-09-02 18:52:38', '2024-09-02 18:52:38'),
(1857, 15, 29, 25, 0.33333, '2024-09-02 18:52:38', '2024-09-02 18:52:38'),
(1858, 15, 25, 30, 3.00000, '2024-09-02 18:52:47', '2024-09-02 18:52:47'),
(1859, 15, 30, 25, 0.33333, '2024-09-02 18:52:47', '2024-09-02 18:52:47'),
(1860, 15, 25, 31, 2.00000, '2024-09-02 18:52:57', '2024-09-02 18:52:57'),
(1861, 15, 31, 25, 0.50000, '2024-09-02 18:52:57', '2024-09-02 18:52:57'),
(1864, 15, 26, 26, 1.00000, '2024-09-02 18:53:16', '2024-09-02 18:53:16'),
(1865, 15, 27, 27, 1.00000, '2024-09-02 18:53:21', '2024-09-02 18:53:21'),
(1866, 15, 28, 28, 1.00000, '2024-09-02 18:53:25', '2024-09-02 18:53:25'),
(1867, 15, 29, 29, 1.00000, '2024-09-02 18:53:30', '2024-09-02 18:53:30'),
(1868, 15, 30, 30, 1.00000, '2024-09-02 18:53:34', '2024-09-02 18:53:34'),
(1869, 15, 31, 31, 1.00000, '2024-09-02 18:53:38', '2024-09-02 18:53:38'),
(1871, 15, 26, 27, 1.00000, '2024-09-02 18:53:49', '2024-09-02 18:53:49'),
(1872, 15, 27, 26, 1.00000, '2024-09-02 18:53:49', '2024-09-02 18:53:49'),
(1873, 15, 26, 28, 5.00000, '2024-09-02 18:54:02', '2024-09-02 18:54:02'),
(1874, 15, 28, 26, 0.20000, '2024-09-02 18:54:02', '2024-09-02 18:54:02'),
(1875, 15, 26, 29, 3.00000, '2024-09-02 18:54:10', '2024-09-02 18:54:10'),
(1876, 15, 29, 26, 0.33333, '2024-09-02 18:54:10', '2024-09-02 18:54:10'),
(1877, 15, 26, 30, 3.00000, '2024-09-02 18:54:21', '2024-09-02 18:54:21'),
(1878, 15, 30, 26, 0.33333, '2024-09-02 18:54:21', '2024-09-02 18:54:21'),
(1879, 15, 26, 31, 3.00000, '2024-09-02 18:54:31', '2024-09-02 18:54:31'),
(1880, 15, 31, 26, 0.33333, '2024-09-02 18:54:31', '2024-09-02 18:54:31'),
(1883, 15, 27, 28, 5.00000, '2024-09-02 18:54:52', '2024-09-02 18:54:52'),
(1884, 15, 28, 27, 0.20000, '2024-09-02 18:54:52', '2024-09-02 18:54:52'),
(1885, 15, 27, 29, 5.00000, '2024-09-02 18:55:07', '2024-09-02 18:55:07'),
(1886, 15, 29, 27, 0.20000, '2024-09-02 18:55:07', '2024-09-02 18:55:07'),
(1887, 15, 27, 30, 3.00000, '2024-09-02 18:55:15', '2024-09-02 18:55:15'),
(1888, 15, 30, 27, 0.33333, '2024-09-02 18:55:15', '2024-09-02 18:55:15'),
(1889, 15, 27, 31, 2.00000, '2024-09-02 18:55:24', '2024-09-02 18:55:24'),
(1890, 15, 31, 27, 0.50000, '2024-09-02 18:55:24', '2024-09-02 18:55:24'),
(1893, 15, 28, 29, 5.00000, '2024-09-02 18:55:47', '2024-09-02 18:55:47'),
(1894, 15, 29, 28, 0.20000, '2024-09-02 18:55:47', '2024-09-02 18:55:47'),
(1895, 15, 28, 30, 5.00000, '2024-09-02 18:55:57', '2024-09-02 18:55:57'),
(1896, 15, 30, 28, 0.20000, '2024-09-02 18:55:57', '2024-09-02 18:55:57'),
(1897, 15, 28, 31, 5.00000, '2024-09-02 18:56:06', '2024-09-02 18:56:06'),
(1898, 15, 31, 28, 0.20000, '2024-09-02 18:56:06', '2024-09-02 18:56:06'),
(1901, 15, 29, 30, 1.00000, '2024-09-02 18:56:24', '2024-09-02 18:56:24'),
(1902, 15, 30, 29, 1.00000, '2024-09-02 18:56:24', '2024-09-02 18:56:24'),
(1903, 15, 29, 31, 1.00000, '2024-09-02 18:56:32', '2024-09-02 18:56:32'),
(1904, 15, 31, 29, 1.00000, '2024-09-02 18:56:32', '2024-09-02 18:56:32'),
(1907, 15, 30, 31, 3.00000, '2024-09-02 18:56:52', '2024-09-02 18:56:52'),
(1908, 15, 31, 30, 0.33333, '2024-09-02 18:56:52', '2024-09-02 18:56:52'),
(1913, 16, 2, 2, 1.00000, '2024-09-02 18:58:08', '2024-09-02 18:58:08'),
(1914, 16, 25, 25, 1.00000, '2024-09-02 18:58:13', '2024-09-02 18:58:13'),
(1915, 16, 26, 26, 1.00000, '2024-09-02 18:58:18', '2024-09-02 18:58:18'),
(1916, 16, 27, 27, 1.00000, '2024-09-02 18:58:22', '2024-09-02 18:58:22'),
(1917, 16, 28, 28, 1.00000, '2024-09-02 18:58:26', '2024-09-02 18:58:26'),
(1918, 16, 29, 29, 1.00000, '2024-09-02 18:58:29', '2024-09-02 18:58:29'),
(1919, 16, 30, 30, 1.00000, '2024-09-02 18:58:34', '2024-09-02 18:58:34'),
(1920, 16, 31, 31, 1.00000, '2024-09-02 18:58:38', '2024-09-02 18:58:38'),
(1922, 16, 2, 25, 3.00000, '2024-09-02 18:59:14', '2024-09-02 18:59:14'),
(1923, 16, 25, 2, 0.33333, '2024-09-02 18:59:14', '2024-09-02 18:59:14'),
(1924, 16, 2, 26, 1.00000, '2024-09-02 18:59:21', '2024-09-02 18:59:21'),
(1925, 16, 26, 2, 1.00000, '2024-09-02 18:59:21', '2024-09-02 18:59:21'),
(1926, 16, 2, 27, 5.00000, '2024-09-02 18:59:30', '2024-09-02 18:59:30'),
(1927, 16, 27, 2, 0.20000, '2024-09-02 18:59:30', '2024-09-02 18:59:30'),
(1928, 16, 2, 28, 5.00000, '2024-09-02 18:59:39', '2024-09-02 18:59:39'),
(1929, 16, 28, 2, 0.20000, '2024-09-02 18:59:39', '2024-09-02 18:59:39'),
(1930, 16, 2, 29, 5.00000, '2024-09-02 18:59:46', '2024-09-02 18:59:46'),
(1931, 16, 29, 2, 0.20000, '2024-09-02 18:59:46', '2024-09-02 18:59:46'),
(1932, 16, 2, 30, 1.00000, '2024-09-02 18:59:55', '2024-09-02 18:59:55'),
(1933, 16, 30, 2, 1.00000, '2024-09-02 18:59:55', '2024-09-02 18:59:55'),
(1934, 16, 2, 31, 3.00000, '2024-09-02 19:00:03', '2024-09-02 19:00:03'),
(1935, 16, 31, 2, 0.33333, '2024-09-02 19:00:03', '2024-09-02 19:00:03'),
(1938, 16, 25, 26, 3.00000, '2024-09-02 19:00:18', '2024-09-02 19:00:18'),
(1939, 16, 26, 25, 0.33333, '2024-09-02 19:00:18', '2024-09-02 19:00:18'),
(1940, 16, 25, 27, 5.00000, '2024-09-02 19:00:27', '2024-09-02 19:00:27'),
(1941, 16, 27, 25, 0.20000, '2024-09-02 19:00:27', '2024-09-02 19:00:27'),
(1942, 16, 25, 28, 5.00000, '2024-09-02 19:00:34', '2024-09-02 19:00:34'),
(1943, 16, 28, 25, 0.20000, '2024-09-02 19:00:34', '2024-09-02 19:00:34'),
(1944, 16, 25, 29, 3.00000, '2024-09-02 19:00:48', '2024-09-02 19:00:48'),
(1945, 16, 29, 25, 0.33333, '2024-09-02 19:00:48', '2024-09-02 19:00:48'),
(1946, 16, 25, 30, 3.00000, '2024-09-02 19:00:56', '2024-09-02 19:00:56'),
(1947, 16, 30, 25, 0.33333, '2024-09-02 19:00:56', '2024-09-02 19:00:56'),
(1948, 16, 25, 31, 3.00000, '2024-09-02 19:01:03', '2024-09-02 19:01:03'),
(1949, 16, 31, 25, 0.33333, '2024-09-02 19:01:03', '2024-09-02 19:01:03'),
(1952, 16, 26, 27, 5.00000, '2024-09-02 19:01:32', '2024-09-02 19:01:32'),
(1953, 16, 27, 26, 0.20000, '2024-09-02 19:01:32', '2024-09-02 19:01:32'),
(1954, 16, 26, 28, 5.00000, '2024-09-02 19:01:43', '2024-09-02 19:01:43'),
(1955, 16, 28, 26, 0.20000, '2024-09-02 19:01:43', '2024-09-02 19:01:43'),
(1956, 16, 26, 29, 5.00000, '2024-09-02 19:01:51', '2024-09-02 19:01:51'),
(1957, 16, 29, 26, 0.20000, '2024-09-02 19:01:51', '2024-09-02 19:01:51'),
(1958, 16, 26, 30, 1.00000, '2024-09-02 19:01:59', '2024-09-02 19:01:59'),
(1959, 16, 30, 26, 1.00000, '2024-09-02 19:01:59', '2024-09-02 19:01:59'),
(1960, 16, 26, 31, 3.00000, '2024-09-02 19:02:07', '2024-09-02 19:02:07'),
(1961, 16, 31, 26, 0.33333, '2024-09-02 19:02:07', '2024-09-02 19:02:07'),
(1964, 16, 27, 28, 3.00000, '2024-09-02 19:02:25', '2024-09-02 19:02:25'),
(1965, 16, 28, 27, 0.33333, '2024-09-02 19:02:25', '2024-09-02 19:02:25'),
(1966, 16, 27, 29, 3.00000, '2024-09-02 19:02:33', '2024-09-02 19:02:33'),
(1967, 16, 29, 27, 0.33333, '2024-09-02 19:02:33', '2024-09-02 19:02:33'),
(1968, 16, 27, 30, 5.00000, '2024-09-02 19:02:43', '2024-09-02 19:02:43'),
(1969, 16, 30, 27, 0.20000, '2024-09-02 19:02:43', '2024-09-02 19:02:43'),
(1970, 16, 27, 31, 5.00000, '2024-09-02 19:02:54', '2024-09-02 19:02:54'),
(1971, 16, 31, 27, 0.20000, '2024-09-02 19:02:54', '2024-09-02 19:02:54'),
(1974, 16, 28, 29, 3.00000, '2024-09-02 19:03:15', '2024-09-02 19:03:15'),
(1975, 16, 29, 28, 0.33333, '2024-09-02 19:03:15', '2024-09-02 19:03:15'),
(1976, 16, 28, 30, 5.00000, '2024-09-02 19:03:25', '2024-09-02 19:03:25'),
(1977, 16, 30, 28, 0.20000, '2024-09-02 19:03:25', '2024-09-02 19:03:25'),
(1978, 16, 28, 31, 3.00000, '2024-09-02 19:03:33', '2024-09-02 19:03:33'),
(1979, 16, 31, 28, 0.33333, '2024-09-02 19:03:33', '2024-09-02 19:03:33'),
(1982, 16, 29, 30, 5.00000, '2024-09-02 19:03:49', '2024-09-02 19:03:49'),
(1983, 16, 30, 29, 0.20000, '2024-09-02 19:03:49', '2024-09-02 19:03:49'),
(1984, 16, 29, 31, 3.00000, '2024-09-02 19:04:01', '2024-09-02 19:04:01'),
(1985, 16, 31, 29, 0.33333, '2024-09-02 19:04:01', '2024-09-02 19:04:01'),
(1988, 16, 30, 31, 3.00000, '2024-09-02 19:04:17', '2024-09-02 19:04:17'),
(1989, 16, 31, 30, 0.33333, '2024-09-02 19:04:17', '2024-09-02 19:04:17'),
(1994, 17, 2, 2, 1.00000, '2024-09-02 19:07:50', '2024-09-02 19:07:50'),
(1995, 17, 25, 25, 1.00000, '2024-09-02 19:07:56', '2024-09-02 19:07:56'),
(1996, 17, 26, 26, 1.00000, '2024-09-02 19:08:00', '2024-09-02 19:08:00'),
(1997, 17, 27, 27, 1.00000, '2024-09-02 19:08:03', '2024-09-02 19:08:03'),
(1998, 17, 28, 28, 1.00000, '2024-09-02 19:08:07', '2024-09-02 19:08:07'),
(1999, 17, 29, 29, 1.00000, '2024-09-02 19:08:11', '2024-09-02 19:08:11'),
(2000, 17, 30, 30, 1.00000, '2024-09-02 19:08:15', '2024-09-02 19:08:15'),
(2001, 17, 31, 31, 1.00000, '2024-09-02 19:08:18', '2024-09-02 19:08:18'),
(2003, 17, 2, 25, 5.00000, '2024-09-02 19:08:32', '2024-09-02 19:08:32'),
(2004, 17, 25, 2, 0.20000, '2024-09-02 19:08:32', '2024-09-02 19:08:32'),
(2005, 17, 2, 26, 7.00000, '2024-09-02 19:08:40', '2024-09-02 19:08:40'),
(2006, 17, 26, 2, 0.14286, '2024-09-02 19:08:40', '2024-09-02 19:08:40'),
(2007, 17, 2, 27, 7.00000, '2024-09-02 19:08:56', '2024-09-02 19:08:56'),
(2008, 17, 27, 2, 0.14286, '2024-09-02 19:08:56', '2024-09-02 19:08:56'),
(2009, 17, 2, 28, 7.00000, '2024-09-02 19:09:05', '2024-09-02 19:09:05'),
(2010, 17, 28, 2, 0.14286, '2024-09-02 19:09:05', '2024-09-02 19:09:05'),
(2011, 17, 2, 29, 5.00000, '2024-09-02 19:09:14', '2024-09-02 19:09:14'),
(2012, 17, 29, 2, 0.20000, '2024-09-02 19:09:14', '2024-09-02 19:09:14'),
(2013, 17, 2, 30, 5.00000, '2024-09-02 19:09:27', '2024-09-02 19:09:27'),
(2014, 17, 30, 2, 0.20000, '2024-09-02 19:09:27', '2024-09-02 19:09:27'),
(2015, 17, 25, 26, 7.00000, '2024-09-02 19:14:15', '2024-09-02 19:14:15'),
(2016, 17, 26, 25, 0.14286, '2024-09-02 19:14:15', '2024-09-02 19:14:15'),
(2017, 17, 25, 27, 7.00000, '2024-09-02 19:14:23', '2024-09-02 19:14:23'),
(2018, 17, 27, 25, 0.14286, '2024-09-02 19:14:23', '2024-09-02 19:14:23'),
(2019, 17, 25, 28, 7.00000, '2024-09-02 19:14:32', '2024-09-02 19:14:32'),
(2020, 17, 28, 25, 0.14286, '2024-09-02 19:14:32', '2024-09-02 19:14:32'),
(2021, 17, 26, 27, 2.00000, '2024-09-02 19:17:53', '2024-09-02 19:17:53'),
(2022, 17, 27, 26, 0.50000, '2024-09-02 19:17:53', '2024-09-02 19:17:53'),
(2023, 17, 25, 29, 2.00000, '2024-09-02 19:18:12', '2024-09-02 19:18:12'),
(2024, 17, 29, 25, 0.50000, '2024-09-02 19:18:12', '2024-09-02 19:18:12'),
(2025, 17, 25, 30, 3.00000, '2024-09-02 19:18:21', '2024-09-02 19:18:21'),
(2026, 17, 30, 25, 0.33333, '2024-09-02 19:18:21', '2024-09-02 19:18:21'),
(2027, 17, 2, 31, 5.00000, '2024-09-02 19:52:15', '2024-09-02 19:52:15'),
(2028, 17, 31, 2, 0.20000, '2024-09-02 19:52:15', '2024-09-02 19:52:15'),
(2031, 17, 25, 31, 2.00000, '2024-09-02 19:52:34', '2024-09-02 19:52:34'),
(2032, 17, 31, 25, 0.50000, '2024-09-02 19:52:34', '2024-09-02 19:52:34'),
(2035, 17, 26, 28, 3.00000, '2024-09-02 19:53:09', '2024-09-02 19:53:09'),
(2036, 17, 28, 26, 0.33333, '2024-09-02 19:53:09', '2024-09-02 19:53:09'),
(2037, 17, 26, 29, 7.00000, '2024-09-02 19:53:21', '2024-09-02 19:53:21'),
(2038, 17, 29, 26, 0.14286, '2024-09-02 19:53:21', '2024-09-02 19:53:21'),
(2039, 17, 26, 30, 5.00000, '2024-09-02 19:53:33', '2024-09-02 19:53:33'),
(2040, 17, 30, 26, 0.20000, '2024-09-02 19:53:33', '2024-09-02 19:53:33'),
(2041, 17, 26, 31, 7.00000, '2024-09-02 19:53:43', '2024-09-02 19:53:43'),
(2042, 17, 31, 26, 0.14286, '2024-09-02 19:53:43', '2024-09-02 19:53:43'),
(2045, 17, 27, 28, 4.00000, '2024-09-02 19:54:02', '2024-09-02 19:54:02'),
(2046, 17, 28, 27, 0.25000, '2024-09-02 19:54:02', '2024-09-02 19:54:02'),
(2047, 17, 27, 29, 7.00000, '2024-09-02 19:54:11', '2024-09-02 19:54:11'),
(2048, 17, 29, 27, 0.14286, '2024-09-02 19:54:11', '2024-09-02 19:54:11'),
(2049, 17, 27, 30, 5.00000, '2024-09-02 19:54:22', '2024-09-02 19:54:22'),
(2050, 17, 30, 27, 0.20000, '2024-09-02 19:54:22', '2024-09-02 19:54:22'),
(2051, 17, 27, 31, 7.00000, '2024-09-02 19:54:34', '2024-09-02 19:54:34'),
(2052, 17, 31, 27, 0.14286, '2024-09-02 19:54:34', '2024-09-02 19:54:34'),
(2055, 17, 28, 29, 7.00000, '2024-09-02 19:54:54', '2024-09-02 19:54:54'),
(2056, 17, 29, 28, 0.14286, '2024-09-02 19:54:54', '2024-09-02 20:10:14'),
(2057, 17, 28, 30, 5.00000, '2024-09-02 19:55:08', '2024-09-02 19:55:08'),
(2058, 17, 30, 28, 0.20000, '2024-09-02 19:55:08', '2024-09-02 19:55:08'),
(2059, 17, 28, 31, 7.00000, '2024-09-02 19:55:16', '2024-09-02 19:55:16'),
(2060, 17, 31, 28, 0.14286, '2024-09-02 19:55:16', '2024-09-02 19:55:16'),
(2063, 17, 29, 30, 5.00000, '2024-09-02 19:55:42', '2024-09-02 19:55:42'),
(2064, 17, 30, 29, 0.20000, '2024-09-02 19:55:42', '2024-09-02 19:55:42'),
(2065, 17, 29, 31, 3.00000, '2024-09-02 19:55:57', '2024-09-02 19:55:57'),
(2066, 17, 31, 29, 0.33333, '2024-09-02 19:55:57', '2024-09-02 19:55:57'),
(2069, 17, 30, 31, 3.00000, '2024-09-02 19:56:14', '2024-09-02 19:56:14'),
(2070, 17, 31, 30, 0.33333, '2024-09-02 19:56:14', '2024-09-02 19:56:14'),
(2075, 18, 2, 2, 1.00000, '2024-09-03 06:43:25', '2024-09-03 06:43:25'),
(2076, 18, 25, 25, 1.00000, '2024-09-03 06:43:30', '2024-09-03 06:43:30'),
(2077, 18, 2, 26, 4.00000, '2024-09-03 06:43:35', '2024-09-03 06:43:35'),
(2078, 18, 26, 2, 0.25000, '2024-09-03 06:43:35', '2024-09-03 06:43:35'),
(2079, 18, 2, 25, 5.00000, '2024-09-03 06:43:40', '2024-09-03 06:43:40'),
(2080, 18, 25, 2, 0.20000, '2024-09-03 06:43:40', '2024-09-03 06:43:40'),
(2081, 18, 26, 26, 1.00000, '2024-09-03 06:43:53', '2024-09-03 06:43:53'),
(2082, 18, 2, 27, 5.00000, '2024-09-03 06:44:06', '2024-09-03 06:44:11'),
(2083, 18, 27, 2, 0.20000, '2024-09-03 06:44:06', '2024-09-03 06:44:11'),
(2084, 18, 25, 26, 5.00000, '2024-09-03 06:44:16', '2024-09-03 06:44:16'),
(2085, 18, 26, 25, 0.20000, '2024-09-03 06:44:16', '2024-09-03 06:44:16'),
(2086, 18, 25, 28, 4.00000, '2024-09-03 06:44:44', '2024-09-03 06:44:44'),
(2087, 18, 28, 25, 0.25000, '2024-09-03 06:44:44', '2024-09-03 06:44:44'),
(2088, 18, 2, 28, 5.00000, '2024-09-03 06:44:49', '2024-09-03 06:44:49'),
(2089, 18, 28, 2, 0.20000, '2024-09-03 06:44:49', '2024-09-03 06:44:49'),
(2090, 18, 27, 27, 1.00000, '2024-09-03 06:44:55', '2024-09-03 06:44:55'),
(2091, 18, 27, 25, 8.00000, '2024-09-03 06:45:00', '2024-09-03 06:45:00'),
(2092, 18, 25, 27, 0.12500, '2024-09-03 06:45:00', '2024-09-03 06:45:00'),
(2093, 18, 2, 30, 6.00000, '2024-09-03 06:45:05', '2024-09-03 06:45:05'),
(2094, 18, 30, 2, 0.16667, '2024-09-03 06:45:05', '2024-09-03 06:45:05'),
(2095, 18, 29, 26, 9.00000, '2024-09-03 06:45:15', '2024-09-03 06:45:15'),
(2096, 18, 26, 29, 0.11111, '2024-09-03 06:45:15', '2024-09-03 06:45:15'),
(2097, 18, 29, 2, 6.00000, '2024-09-03 06:45:19', '2024-09-03 06:45:19'),
(2098, 18, 2, 29, 0.16667, '2024-09-03 06:45:19', '2024-09-03 06:45:19'),
(2099, 18, 29, 25, 4.00000, '2024-09-03 06:45:25', '2024-09-03 06:45:25'),
(2100, 18, 25, 29, 0.25000, '2024-09-03 06:45:25', '2024-09-03 06:45:25'),
(2101, 18, 31, 2, 6.00000, '2024-09-03 06:45:31', '2024-09-03 06:45:31'),
(2102, 18, 2, 31, 0.16667, '2024-09-03 06:45:31', '2024-09-03 06:45:31'),
(2103, 18, 30, 25, 4.00000, '2024-09-03 06:45:37', '2024-09-03 06:45:37'),
(2104, 18, 25, 30, 0.25000, '2024-09-03 06:45:37', '2024-09-03 06:45:37'),
(2105, 18, 27, 26, 0.20000, '2024-09-03 06:45:42', '2024-09-03 06:45:51'),
(2106, 18, 26, 27, 5.00000, '2024-09-03 06:45:42', '2024-09-03 06:45:51'),
(2107, 18, 28, 26, 0.20000, '2024-09-03 06:45:55', '2024-09-03 06:46:02'),
(2108, 18, 26, 28, 5.00000, '2024-09-03 06:45:55', '2024-09-03 06:46:02'),
(2109, 18, 30, 31, 7.00000, '2024-09-03 06:46:09', '2024-09-03 06:46:09'),
(2110, 18, 31, 30, 0.14286, '2024-09-03 06:46:09', '2024-09-03 06:46:09'),
(2111, 18, 31, 25, 4.00000, '2024-09-03 06:46:17', '2024-09-03 06:46:17'),
(2112, 18, 25, 31, 0.25000, '2024-09-03 06:46:17', '2024-09-03 06:46:17'),
(2113, 18, 28, 27, 0.16667, '2024-09-03 06:46:24', '2024-09-03 06:46:28'),
(2114, 18, 27, 28, 6.00000, '2024-09-03 06:46:24', '2024-09-03 06:46:28'),
(2115, 18, 29, 27, 4.00000, '2024-09-03 06:46:34', '2024-09-03 06:46:40'),
(2116, 18, 27, 29, 0.25000, '2024-09-03 06:46:34', '2024-09-03 06:46:40'),
(2117, 18, 26, 31, 4.00000, '2024-09-03 06:46:46', '2024-09-03 06:46:46'),
(2118, 18, 31, 26, 0.25000, '2024-09-03 06:46:46', '2024-09-03 06:46:46'),
(2119, 18, 26, 30, 6.00000, '2024-09-03 06:46:52', '2024-09-03 06:46:52'),
(2120, 18, 30, 26, 0.16667, '2024-09-03 06:46:52', '2024-09-03 06:46:52'),
(2121, 18, 28, 28, 1.00000, '2024-09-03 06:46:59', '2024-09-03 06:46:59'),
(2122, 18, 30, 28, 6.00000, '2024-09-03 06:47:04', '2024-09-03 06:47:04'),
(2123, 18, 28, 30, 0.16667, '2024-09-03 06:47:04', '2024-09-03 06:47:04'),
(2124, 18, 30, 29, 6.00000, '2024-09-03 06:47:08', '2024-09-03 06:47:08'),
(2125, 18, 29, 30, 0.16667, '2024-09-03 06:47:08', '2024-09-03 06:47:08'),
(2126, 18, 27, 30, 6.00000, '2024-09-03 06:47:13', '2024-09-03 06:47:19'),
(2127, 18, 30, 27, 0.16667, '2024-09-03 06:47:14', '2024-09-03 06:47:19'),
(2128, 18, 27, 31, 7.00000, '2024-09-03 06:47:25', '2024-09-03 06:47:25'),
(2129, 18, 31, 27, 0.14286, '2024-09-03 06:47:25', '2024-09-03 06:47:25'),
(2130, 18, 28, 29, 4.00000, '2024-09-03 06:47:30', '2024-09-03 06:47:36'),
(2131, 18, 29, 28, 0.25000, '2024-09-03 06:47:30', '2024-09-03 06:47:36'),
(2132, 18, 31, 28, 6.00000, '2024-09-03 06:47:42', '2024-09-03 06:47:42'),
(2133, 18, 28, 31, 0.16667, '2024-09-03 06:47:42', '2024-09-03 06:47:42'),
(2134, 18, 29, 29, 1.00000, '2024-09-03 06:47:46', '2024-09-03 06:47:46'),
(2135, 18, 30, 30, 1.00000, '2024-09-03 06:47:55', '2024-09-03 06:47:55'),
(2136, 18, 29, 31, 6.00000, '2024-09-03 06:48:00', '2024-09-03 06:48:00'),
(2137, 18, 31, 29, 0.16667, '2024-09-03 06:48:00', '2024-09-03 06:48:00'),
(2138, 18, 31, 31, 1.00000, '2024-09-03 06:48:07', '2024-09-03 06:48:07');

-- --------------------------------------------------------

--
-- Struktur dari tabel `alternative_details`
--

CREATE TABLE `alternative_details` (
  `id` int(10) UNSIGNED NOT NULL,
  `alternative_id` int(10) UNSIGNED NOT NULL,
  `criteria_id` int(10) UNSIGNED NOT NULL,
  `value` varchar(255) COLLATE utf8_unicode_ci DEFAULT NULL,
  `created_at` timestamp NULL DEFAULT NULL,
  `updated_at` timestamp NULL DEFAULT NULL
) ENGINE=InnoDB DEFAULT CHARSET=utf8 COLLATE=utf8_unicode_ci;

--
-- Dumping data untuk tabel `alternative_details`
--

INSERT INTO `alternative_details` (`id`, `alternative_id`, `criteria_id`, `value`, `created_at`, `updated_at`) VALUES
(105, 2, 15, '34', '2024-09-02 18:35:58', '2024-09-02 18:35:58'),
(106, 25, 15, '30', '2024-09-02 18:36:04', '2024-09-02 18:36:04'),
(107, 26, 15, '34', '2024-09-02 18:36:09', '2024-09-02 18:36:09'),
(108, 27, 15, '32', '2024-09-02 18:36:13', '2024-09-02 18:36:13'),
(109, 28, 15, '41', '2024-09-02 18:36:20', '2024-09-02 18:36:20'),
(110, 29, 15, '27', '2024-09-02 18:36:27', '2024-09-02 18:36:27'),
(111, 30, 15, '26', '2024-09-02 18:36:39', '2024-09-02 18:36:39'),
(112, 31, 15, '28', '2024-09-02 18:36:45', '2024-09-02 18:36:45'),
(114, 2, 16, '24', '2024-09-02 18:36:59', '2024-09-02 18:36:59'),
(115, 25, 16, '28', '2024-09-02 18:37:03', '2024-09-02 18:37:03'),
(116, 26, 16, '24', '2024-09-02 18:37:08', '2024-09-02 18:37:08'),
(117, 27, 16, '34', '2024-09-02 18:37:15', '2024-09-02 18:37:15'),
(118, 28, 16, '31', '2024-09-02 18:37:19', '2024-09-02 18:37:19'),
(119, 29, 16, '30', '2024-09-02 18:37:30', '2024-09-02 18:37:30'),
(120, 30, 16, '24', '2024-09-02 18:37:34', '2024-09-02 18:37:34'),
(121, 31, 16, '26', '2024-09-02 18:37:42', '2024-09-02 18:37:42'),
(123, 2, 17, '49', '2024-09-02 18:37:55', '2024-09-02 18:37:55'),
(124, 25, 17, '58', '2024-09-02 18:38:01', '2024-09-02 18:38:01'),
(125, 26, 17, '70', '2024-09-02 18:38:07', '2024-09-02 18:38:07'),
(126, 27, 17, '71', '2024-09-02 18:38:15', '2024-09-02 18:38:15'),
(127, 28, 17, '72', '2024-09-02 18:38:21', '2024-09-02 18:38:21'),
(128, 29, 17, '57', '2024-09-02 18:38:27', '2024-09-02 18:38:27'),
(129, 30, 17, '62', '2024-09-02 18:38:35', '2024-09-02 18:38:35'),
(130, 31, 17, '59', '2024-09-02 18:38:47', '2024-09-02 18:38:47');

-- --------------------------------------------------------

--
-- Struktur dari tabel `alternative_normalizations`
--

CREATE TABLE `alternative_normalizations` (
  `id` int(10) UNSIGNED NOT NULL,
  `comparison_id` int(10) UNSIGNED NOT NULL,
  `value` double(8,5) NOT NULL,
  `created_at` timestamp NULL DEFAULT NULL,
  `updated_at` timestamp NULL DEFAULT NULL
) ENGINE=InnoDB DEFAULT CHARSET=utf8 COLLATE=utf8_unicode_ci;

--
-- Dumping data untuk tabel `alternative_normalizations`
--

INSERT INTO `alternative_normalizations` (`id`, `comparison_id`, `value`, `created_at`, `updated_at`) VALUES
(1669, 1832, 0.22059, '2024-09-02 18:57:12', '2024-09-02 18:57:12'),
(1670, 1834, 0.11029, '2024-09-02 18:57:12', '2024-09-02 18:57:12'),
(1671, 1836, 0.22059, '2024-09-02 18:57:12', '2024-09-02 18:57:12'),
(1672, 1838, 0.11029, '2024-09-02 18:57:12', '2024-09-02 18:57:12'),
(1673, 1840, 0.04412, '2024-09-02 18:57:12', '2024-09-02 18:57:12'),
(1674, 1842, 0.07353, '2024-09-02 18:57:12', '2024-09-02 18:57:12'),
(1675, 1844, 0.07353, '2024-09-02 18:57:12', '2024-09-02 18:57:12'),
(1676, 1846, 0.07353, '2024-09-02 18:57:12', '2024-09-02 18:57:12'),
(1678, 1833, 0.34091, '2024-09-02 18:57:12', '2024-09-02 18:57:12'),
(1679, 1849, 0.17045, '2024-09-02 18:57:12', '2024-09-02 18:57:12'),
(1680, 1851, 0.08523, '2024-09-02 18:57:12', '2024-09-02 18:57:12'),
(1681, 1853, 0.08523, '2024-09-02 18:57:12', '2024-09-02 18:57:12'),
(1682, 1855, 0.03409, '2024-09-02 18:57:12', '2024-09-02 18:57:12'),
(1683, 1857, 0.05682, '2024-09-02 18:57:12', '2024-09-02 18:57:12'),
(1684, 1859, 0.05682, '2024-09-02 18:57:12', '2024-09-02 18:57:12'),
(1685, 1861, 0.08523, '2024-09-02 18:57:12', '2024-09-02 18:57:12'),
(1687, 1835, 0.15306, '2024-09-02 18:57:12', '2024-09-02 18:57:12'),
(1688, 1850, 0.30612, '2024-09-02 18:57:12', '2024-09-02 18:57:12'),
(1689, 1864, 0.15306, '2024-09-02 18:57:12', '2024-09-02 18:57:12'),
(1690, 1872, 0.15306, '2024-09-02 18:57:12', '2024-09-02 18:57:12'),
(1691, 1874, 0.03061, '2024-09-02 18:57:12', '2024-09-02 18:57:12'),
(1692, 1876, 0.05102, '2024-09-02 18:57:12', '2024-09-02 18:57:12'),
(1693, 1878, 0.05102, '2024-09-02 18:57:12', '2024-09-02 18:57:12'),
(1694, 1880, 0.05102, '2024-09-02 18:57:12', '2024-09-02 18:57:12'),
(1696, 1837, 0.25862, '2024-09-02 18:57:12', '2024-09-02 18:57:12'),
(1697, 1852, 0.25862, '2024-09-02 18:57:12', '2024-09-02 18:57:12'),
(1698, 1865, 0.12931, '2024-09-02 18:57:12', '2024-09-02 18:57:12'),
(1699, 1871, 0.12931, '2024-09-02 18:57:12', '2024-09-02 18:57:12'),
(1700, 1884, 0.02586, '2024-09-02 18:57:12', '2024-09-02 18:57:12'),
(1701, 1886, 0.02586, '2024-09-02 18:57:12', '2024-09-02 18:57:12'),
(1702, 1888, 0.04310, '2024-09-02 18:57:12', '2024-09-02 18:57:12'),
(1703, 1890, 0.06466, '2024-09-02 18:57:12', '2024-09-02 18:57:12'),
(1705, 1839, 0.22936, '2024-09-02 18:57:12', '2024-09-02 18:57:12'),
(1706, 1854, 0.22936, '2024-09-02 18:57:12', '2024-09-02 18:57:12'),
(1707, 1866, 0.04587, '2024-09-02 18:57:12', '2024-09-02 18:57:12'),
(1708, 1873, 0.22936, '2024-09-02 18:57:12', '2024-09-02 18:57:12'),
(1709, 1883, 0.22936, '2024-09-02 18:57:12', '2024-09-02 18:57:12'),
(1710, 1894, 0.00917, '2024-09-02 18:57:12', '2024-09-02 18:57:12'),
(1711, 1896, 0.00917, '2024-09-02 18:57:12', '2024-09-02 18:57:12'),
(1712, 1898, 0.00917, '2024-09-02 18:57:12', '2024-09-02 18:57:12'),
(1714, 1841, 0.13043, '2024-09-02 18:57:12', '2024-09-02 18:57:12'),
(1715, 1856, 0.13043, '2024-09-02 18:57:12', '2024-09-02 18:57:12'),
(1716, 1867, 0.04348, '2024-09-02 18:57:12', '2024-09-02 18:57:12'),
(1717, 1875, 0.13043, '2024-09-02 18:57:12', '2024-09-02 18:57:12'),
(1718, 1885, 0.21739, '2024-09-02 18:57:12', '2024-09-02 18:57:12'),
(1719, 1893, 0.21739, '2024-09-02 18:57:12', '2024-09-02 18:57:12'),
(1720, 1902, 0.04348, '2024-09-02 18:57:12', '2024-09-02 18:57:12'),
(1721, 1904, 0.04348, '2024-09-02 18:57:12', '2024-09-02 18:57:12'),
(1723, 1843, 0.15254, '2024-09-02 18:57:12', '2024-09-02 18:57:12'),
(1724, 1858, 0.15254, '2024-09-02 18:57:12', '2024-09-02 18:57:12'),
(1725, 1868, 0.05085, '2024-09-02 18:57:12', '2024-09-02 18:57:12'),
(1726, 1877, 0.15254, '2024-09-02 18:57:12', '2024-09-02 18:57:12'),
(1727, 1887, 0.15254, '2024-09-02 18:57:12', '2024-09-02 18:57:12'),
(1728, 1895, 0.25424, '2024-09-02 18:57:12', '2024-09-02 18:57:12'),
(1729, 1901, 0.05085, '2024-09-02 18:57:12', '2024-09-02 18:57:12'),
(1730, 1908, 0.01695, '2024-09-02 18:57:12', '2024-09-02 18:57:12'),
(1732, 1845, 0.14286, '2024-09-02 18:57:12', '2024-09-02 18:57:12'),
(1733, 1860, 0.09524, '2024-09-02 18:57:12', '2024-09-02 18:57:12'),
(1734, 1869, 0.04762, '2024-09-02 18:57:12', '2024-09-02 18:57:12'),
(1735, 1879, 0.14286, '2024-09-02 18:57:12', '2024-09-02 18:57:12'),
(1736, 1889, 0.09524, '2024-09-02 18:57:12', '2024-09-02 18:57:12'),
(1737, 1897, 0.23810, '2024-09-02 18:57:12', '2024-09-02 18:57:12'),
(1738, 1903, 0.04762, '2024-09-02 18:57:12', '2024-09-02 18:57:12'),
(1739, 1907, 0.14286, '2024-09-02 18:57:12', '2024-09-02 18:57:12'),
(1750, 1913, 0.22388, '2024-09-02 19:04:43', '2024-09-02 19:04:43'),
(1751, 1923, 0.07463, '2024-09-02 19:04:43', '2024-09-02 19:04:43'),
(1752, 1925, 0.22388, '2024-09-02 19:04:43', '2024-09-02 19:04:43'),
(1753, 1927, 0.04478, '2024-09-02 19:04:43', '2024-09-02 19:04:43'),
(1754, 1929, 0.04478, '2024-09-02 19:04:43', '2024-09-02 19:04:43'),
(1755, 1931, 0.04478, '2024-09-02 19:04:43', '2024-09-02 19:04:43'),
(1756, 1933, 0.22388, '2024-09-02 19:04:43', '2024-09-02 19:04:43'),
(1757, 1935, 0.07463, '2024-09-02 19:04:43', '2024-09-02 19:04:43'),
(1759, 1914, 0.16854, '2024-09-02 19:04:43', '2024-09-02 19:04:43'),
(1760, 1922, 0.50562, '2024-09-02 19:04:43', '2024-09-02 19:04:43'),
(1761, 1939, 0.05618, '2024-09-02 19:04:43', '2024-09-02 19:04:43'),
(1762, 1941, 0.03371, '2024-09-02 19:04:43', '2024-09-02 19:04:43'),
(1763, 1943, 0.03371, '2024-09-02 19:04:43', '2024-09-02 19:04:43'),
(1764, 1945, 0.05618, '2024-09-02 19:04:43', '2024-09-02 19:04:43'),
(1765, 1947, 0.05618, '2024-09-02 19:04:43', '2024-09-02 19:04:43'),
(1766, 1949, 0.05618, '2024-09-02 19:04:43', '2024-09-02 19:04:43'),
(1768, 1915, 0.14019, '2024-09-02 19:04:43', '2024-09-02 19:04:43'),
(1769, 1924, 0.14019, '2024-09-02 19:04:43', '2024-09-02 19:04:43'),
(1770, 1938, 0.42056, '2024-09-02 19:04:43', '2024-09-02 19:04:43'),
(1771, 1953, 0.02804, '2024-09-02 19:04:43', '2024-09-02 19:04:43'),
(1772, 1955, 0.02804, '2024-09-02 19:04:43', '2024-09-02 19:04:43'),
(1773, 1957, 0.02804, '2024-09-02 19:04:43', '2024-09-02 19:04:43'),
(1774, 1959, 0.14019, '2024-09-02 19:04:43', '2024-09-02 19:04:43'),
(1775, 1961, 0.04673, '2024-09-02 19:04:43', '2024-09-02 19:04:43'),
(1777, 1916, 0.05747, '2024-09-02 19:04:43', '2024-09-02 19:04:43'),
(1778, 1926, 0.28736, '2024-09-02 19:04:43', '2024-09-02 19:04:43'),
(1779, 1940, 0.28736, '2024-09-02 19:04:43', '2024-09-02 19:04:43'),
(1780, 1952, 0.28736, '2024-09-02 19:04:43', '2024-09-02 19:04:43'),
(1781, 1965, 0.01916, '2024-09-02 19:04:43', '2024-09-02 19:04:43'),
(1782, 1967, 0.01916, '2024-09-02 19:04:43', '2024-09-02 19:04:43'),
(1783, 1969, 0.01149, '2024-09-02 19:04:43', '2024-09-02 19:04:43'),
(1784, 1971, 0.01149, '2024-09-02 19:04:43', '2024-09-02 19:04:43'),
(1786, 1917, 0.04950, '2024-09-02 19:04:43', '2024-09-02 19:04:43'),
(1787, 1928, 0.24752, '2024-09-02 19:04:43', '2024-09-02 19:04:43'),
(1788, 1942, 0.24752, '2024-09-02 19:04:43', '2024-09-02 19:04:43'),
(1789, 1954, 0.24752, '2024-09-02 19:04:43', '2024-09-02 19:04:43'),
(1790, 1964, 0.14851, '2024-09-02 19:04:43', '2024-09-02 19:04:43'),
(1791, 1975, 0.01650, '2024-09-02 19:04:43', '2024-09-02 19:04:43'),
(1792, 1977, 0.00990, '2024-09-02 19:04:43', '2024-09-02 19:04:43'),
(1793, 1979, 0.01650, '2024-09-02 19:04:43', '2024-09-02 19:04:43'),
(1795, 1918, 0.04792, '2024-09-02 19:04:43', '2024-09-02 19:04:43'),
(1796, 1930, 0.23962, '2024-09-02 19:04:43', '2024-09-02 19:04:43'),
(1797, 1944, 0.14377, '2024-09-02 19:04:43', '2024-09-02 19:04:43'),
(1798, 1956, 0.23962, '2024-09-02 19:04:43', '2024-09-02 19:04:43'),
(1799, 1966, 0.14377, '2024-09-02 19:04:43', '2024-09-02 19:04:43'),
(1800, 1974, 0.14377, '2024-09-02 19:04:43', '2024-09-02 19:04:43'),
(1801, 1983, 0.00958, '2024-09-02 19:04:43', '2024-09-02 19:04:43'),
(1802, 1985, 0.01597, '2024-09-02 19:04:43', '2024-09-02 19:04:43'),
(1804, 1919, 0.04644, '2024-09-02 19:04:43', '2024-09-02 19:04:43'),
(1805, 1932, 0.04644, '2024-09-02 19:04:43', '2024-09-02 19:04:43'),
(1806, 1946, 0.13932, '2024-09-02 19:04:43', '2024-09-02 19:04:43'),
(1807, 1958, 0.04644, '2024-09-02 19:04:43', '2024-09-02 19:04:43'),
(1808, 1968, 0.23220, '2024-09-02 19:04:43', '2024-09-02 19:04:43'),
(1809, 1976, 0.23220, '2024-09-02 19:04:43', '2024-09-02 19:04:43'),
(1810, 1982, 0.23220, '2024-09-02 19:04:43', '2024-09-02 19:04:43'),
(1811, 1989, 0.01548, '2024-09-02 19:04:43', '2024-09-02 19:04:43'),
(1813, 1920, 0.04132, '2024-09-02 19:04:43', '2024-09-02 19:04:43'),
(1814, 1934, 0.12397, '2024-09-02 19:04:43', '2024-09-02 19:04:43'),
(1815, 1948, 0.12397, '2024-09-02 19:04:43', '2024-09-02 19:04:43'),
(1816, 1960, 0.12397, '2024-09-02 19:04:43', '2024-09-02 19:04:43'),
(1817, 1970, 0.20661, '2024-09-02 19:04:43', '2024-09-02 19:04:43'),
(1818, 1978, 0.12397, '2024-09-02 19:04:43', '2024-09-02 19:04:43'),
(1819, 1984, 0.12397, '2024-09-02 19:04:43', '2024-09-02 19:04:43'),
(1820, 1988, 0.12397, '2024-09-02 19:04:43', '2024-09-02 19:04:43'),
(1831, 1994, 0.42168, '2024-09-02 19:56:50', '2024-09-02 19:56:50'),
(1832, 2004, 0.08434, '2024-09-02 19:56:50', '2024-09-02 19:56:50'),
(1833, 2006, 0.06024, '2024-09-02 19:56:50', '2024-09-02 19:56:50'),
(1834, 2008, 0.06024, '2024-09-02 19:56:50', '2024-09-02 19:56:50'),
(1835, 2010, 0.06024, '2024-09-02 19:56:50', '2024-09-02 19:56:50'),
(1836, 2012, 0.08434, '2024-09-02 19:56:50', '2024-09-02 19:56:50'),
(1837, 2014, 0.08434, '2024-09-02 19:56:50', '2024-09-02 19:56:50'),
(1838, 2028, 0.08434, '2024-09-02 19:56:50', '2024-09-02 19:56:50'),
(1840, 1995, 0.12353, '2024-09-02 19:56:50', '2024-09-02 19:56:50'),
(1841, 2003, 0.61765, '2024-09-02 19:56:50', '2024-09-02 19:56:50'),
(1842, 2016, 0.01765, '2024-09-02 19:56:50', '2024-09-02 19:56:50'),
(1843, 2018, 0.01765, '2024-09-02 19:56:50', '2024-09-02 19:56:50'),
(1844, 2020, 0.01765, '2024-09-02 19:56:50', '2024-09-02 19:56:50'),
(1845, 2024, 0.06176, '2024-09-02 19:56:50', '2024-09-02 19:56:50'),
(1846, 2026, 0.04118, '2024-09-02 19:56:50', '2024-09-02 19:56:50'),
(1847, 2032, 0.06176, '2024-09-02 19:56:50', '2024-09-02 19:56:50'),
(1849, 1996, 0.06054, '2024-09-02 19:56:50', '2024-09-02 19:56:50'),
(1850, 2005, 0.42375, '2024-09-02 19:56:50', '2024-09-02 19:56:50'),
(1851, 2015, 0.42375, '2024-09-02 19:56:50', '2024-09-02 19:56:50'),
(1852, 2022, 0.03027, '2024-09-02 19:56:50', '2024-09-02 19:56:50'),
(1853, 2036, 0.02018, '2024-09-02 19:56:50', '2024-09-02 19:56:50'),
(1854, 2038, 0.00865, '2024-09-02 19:56:50', '2024-09-02 19:56:50'),
(1855, 2040, 0.01211, '2024-09-02 19:56:50', '2024-09-02 19:56:50'),
(1856, 2042, 0.00865, '2024-09-02 19:56:50', '2024-09-02 19:56:50'),
(1858, 1997, 0.05575, '2024-09-02 19:56:50', '2024-09-02 19:56:50'),
(1859, 2007, 0.39028, '2024-09-02 19:56:50', '2024-09-02 19:56:50'),
(1860, 2017, 0.39028, '2024-09-02 19:56:50', '2024-09-02 19:56:50'),
(1861, 2021, 0.11151, '2024-09-02 19:56:50', '2024-09-02 19:56:50'),
(1862, 2046, 0.01394, '2024-09-02 19:56:50', '2024-09-02 19:56:50'),
(1863, 2048, 0.00797, '2024-09-02 19:56:50', '2024-09-02 19:56:50'),
(1864, 2050, 0.01115, '2024-09-02 19:56:50', '2024-09-02 19:56:50'),
(1865, 2052, 0.00797, '2024-09-02 19:56:50', '2024-09-02 19:56:50'),
(1867, 1998, 0.04408, '2024-09-02 19:56:50', '2024-09-02 19:56:50'),
(1868, 2009, 0.30856, '2024-09-02 19:56:50', '2024-09-02 19:56:50'),
(1869, 2019, 0.30856, '2024-09-02 19:56:50', '2024-09-02 19:56:50'),
(1870, 2035, 0.13224, '2024-09-02 19:56:50', '2024-09-02 19:56:50'),
(1871, 2045, 0.17632, '2024-09-02 19:56:50', '2024-09-02 19:56:50'),
(1872, 2056, 0.00630, '2024-09-02 19:56:50', '2024-09-02 19:56:50'),
(1873, 2058, 0.00882, '2024-09-02 19:56:50', '2024-09-02 19:56:50'),
(1874, 2060, 0.00630, '2024-09-02 19:56:50', '2024-09-02 19:56:50'),
(1876, 1999, 0.03348, '2024-09-02 19:56:50', '2024-09-02 19:56:50'),
(1877, 2011, 0.16741, '2024-09-02 19:56:50', '2024-09-02 19:56:50'),
(1878, 2023, 0.06696, '2024-09-02 19:56:50', '2024-09-02 19:56:50'),
(1879, 2037, 0.23438, '2024-09-02 19:56:50', '2024-09-02 19:56:50'),
(1880, 2047, 0.23438, '2024-09-02 19:56:50', '2024-09-02 19:56:50'),
(1881, 2055, 0.23438, '2024-09-02 19:56:50', '2024-09-02 19:56:50'),
(1882, 2064, 0.00670, '2024-09-02 19:56:50', '2024-09-02 19:56:50'),
(1883, 2066, 0.01116, '2024-09-02 19:56:50', '2024-09-02 19:56:50'),
(1885, 2000, 0.03371, '2024-09-02 19:56:50', '2024-09-02 19:56:50'),
(1886, 2013, 0.16854, '2024-09-02 19:56:50', '2024-09-02 19:56:50'),
(1887, 2025, 0.10112, '2024-09-02 19:56:50', '2024-09-02 19:56:50'),
(1888, 2039, 0.16854, '2024-09-02 19:56:50', '2024-09-02 19:56:50'),
(1889, 2049, 0.16854, '2024-09-02 19:56:50', '2024-09-02 19:56:50'),
(1890, 2057, 0.16854, '2024-09-02 19:56:50', '2024-09-02 19:56:50'),
(1891, 2063, 0.16854, '2024-09-02 19:56:50', '2024-09-02 19:56:50'),
(1892, 2070, 0.01124, '2024-09-02 19:56:50', '2024-09-02 19:56:50'),
(1894, 2001, 0.02817, '2024-09-02 19:56:50', '2024-09-02 19:56:50'),
(1895, 2027, 0.14085, '2024-09-02 19:56:50', '2024-09-02 19:56:50'),
(1896, 2031, 0.05634, '2024-09-02 19:56:50', '2024-09-02 19:56:50'),
(1897, 2041, 0.19718, '2024-09-02 19:56:50', '2024-09-02 19:56:50'),
(1898, 2051, 0.19718, '2024-09-02 19:56:50', '2024-09-02 19:56:50'),
(1899, 2059, 0.19718, '2024-09-02 19:56:50', '2024-09-02 19:56:50'),
(1900, 2065, 0.08451, '2024-09-02 19:56:50', '2024-09-02 19:56:50'),
(1901, 2069, 0.08451, '2024-09-02 19:56:50', '2024-09-02 19:56:50'),
(1912, 2075, 0.07134, '2024-09-03 06:48:14', '2024-09-03 06:48:14'),
(1913, 2078, 0.01784, '2024-09-03 06:48:14', '2024-09-03 06:48:14'),
(1914, 2080, 0.01427, '2024-09-03 06:48:14', '2024-09-03 06:48:14'),
(1915, 2083, 0.01427, '2024-09-03 06:48:14', '2024-09-03 06:48:14'),
(1916, 2089, 0.01427, '2024-09-03 06:48:14', '2024-09-03 06:48:14'),
(1917, 2094, 0.01189, '2024-09-03 06:48:14', '2024-09-03 06:48:14'),
(1918, 2097, 0.42806, '2024-09-03 06:48:14', '2024-09-03 06:48:14'),
(1919, 2101, 0.42806, '2024-09-03 06:48:14', '2024-09-03 06:48:14'),
(1920, 2076, 0.03781, '2024-09-03 06:48:14', '2024-09-03 06:48:14'),
(1921, 2079, 0.18904, '2024-09-03 06:48:14', '2024-09-03 06:48:14'),
(1922, 2085, 0.00756, '2024-09-03 06:48:14', '2024-09-03 06:48:14'),
(1923, 2087, 0.00945, '2024-09-03 06:48:14', '2024-09-03 06:48:14'),
(1924, 2091, 0.30246, '2024-09-03 06:48:14', '2024-09-03 06:48:14'),
(1925, 2099, 0.15123, '2024-09-03 06:48:14', '2024-09-03 06:48:14'),
(1926, 2103, 0.15123, '2024-09-03 06:48:14', '2024-09-03 06:48:14'),
(1927, 2111, 0.15123, '2024-09-03 06:48:14', '2024-09-03 06:48:14'),
(1928, 2077, 0.20185, '2024-09-03 06:48:14', '2024-09-03 06:48:14'),
(1929, 2081, 0.05046, '2024-09-03 06:48:14', '2024-09-03 06:48:14'),
(1930, 2084, 0.25231, '2024-09-03 06:48:14', '2024-09-03 06:48:14'),
(1931, 2095, 0.45416, '2024-09-03 06:48:14', '2024-09-03 06:48:14'),
(1932, 2105, 0.01009, '2024-09-03 06:48:14', '2024-09-03 06:48:14'),
(1933, 2107, 0.01009, '2024-09-03 06:48:14', '2024-09-03 06:48:14'),
(1934, 2118, 0.01262, '2024-09-03 06:48:14', '2024-09-03 06:48:14'),
(1935, 2120, 0.00841, '2024-09-03 06:48:14', '2024-09-03 06:48:14'),
(1936, 2082, 0.32049, '2024-09-03 06:48:14', '2024-09-03 06:48:14'),
(1937, 2090, 0.06410, '2024-09-03 06:48:14', '2024-09-03 06:48:14'),
(1938, 2092, 0.00801, '2024-09-03 06:48:14', '2024-09-03 06:48:14'),
(1939, 2106, 0.32049, '2024-09-03 06:48:14', '2024-09-03 06:48:14'),
(1940, 2113, 0.01068, '2024-09-03 06:48:14', '2024-09-03 06:48:14'),
(1941, 2115, 0.25639, '2024-09-03 06:48:14', '2024-09-03 06:48:14'),
(1942, 2127, 0.01068, '2024-09-03 06:48:14', '2024-09-03 06:48:14'),
(1943, 2129, 0.00916, '2024-09-03 06:48:14', '2024-09-03 06:48:14'),
(1944, 2086, 0.12030, '2024-09-03 06:48:14', '2024-09-03 06:48:14'),
(1945, 2088, 0.15038, '2024-09-03 06:48:14', '2024-09-03 06:48:14'),
(1946, 2108, 0.15038, '2024-09-03 06:48:14', '2024-09-03 06:48:14'),
(1947, 2114, 0.18045, '2024-09-03 06:48:14', '2024-09-03 06:48:14'),
(1948, 2121, 0.03008, '2024-09-03 06:48:14', '2024-09-03 06:48:14'),
(1949, 2122, 0.18045, '2024-09-03 06:48:14', '2024-09-03 06:48:14'),
(1950, 2131, 0.00752, '2024-09-03 06:48:14', '2024-09-03 06:48:14'),
(1951, 2132, 0.18045, '2024-09-03 06:48:14', '2024-09-03 06:48:14'),
(1952, 2096, 0.00930, '2024-09-03 06:48:14', '2024-09-03 06:48:14'),
(1953, 2098, 0.01395, '2024-09-03 06:48:14', '2024-09-03 06:48:14'),
(1954, 2100, 0.02093, '2024-09-03 06:48:14', '2024-09-03 06:48:14'),
(1955, 2116, 0.02093, '2024-09-03 06:48:14', '2024-09-03 06:48:14'),
(1956, 2124, 0.50233, '2024-09-03 06:48:14', '2024-09-03 06:48:14'),
(1957, 2130, 0.33488, '2024-09-03 06:48:14', '2024-09-03 06:48:14'),
(1958, 2134, 0.08372, '2024-09-03 06:48:14', '2024-09-03 06:48:14'),
(1959, 2137, 0.01395, '2024-09-03 06:48:14', '2024-09-03 06:48:14'),
(1960, 2093, 0.30416, '2024-09-03 06:48:14', '2024-09-03 06:48:14'),
(1961, 2104, 0.01267, '2024-09-03 06:48:14', '2024-09-03 06:48:14'),
(1962, 2110, 0.00724, '2024-09-03 06:48:14', '2024-09-03 06:48:14'),
(1963, 2119, 0.30416, '2024-09-03 06:48:14', '2024-09-03 06:48:14'),
(1964, 2123, 0.00845, '2024-09-03 06:48:14', '2024-09-03 06:48:14'),
(1965, 2125, 0.00845, '2024-09-03 06:48:14', '2024-09-03 06:48:14'),
(1966, 2126, 0.30416, '2024-09-03 06:48:14', '2024-09-03 06:48:14'),
(1967, 2135, 0.05069, '2024-09-03 06:48:14', '2024-09-03 06:48:14'),
(1968, 2102, 0.00651, '2024-09-03 06:48:14', '2024-09-03 06:48:14'),
(1969, 2109, 0.27362, '2024-09-03 06:48:14', '2024-09-03 06:48:14'),
(1970, 2112, 0.00977, '2024-09-03 06:48:14', '2024-09-03 06:48:14'),
(1971, 2117, 0.15635, '2024-09-03 06:48:14', '2024-09-03 06:48:14'),
(1972, 2128, 0.27362, '2024-09-03 06:48:14', '2024-09-03 06:48:14'),
(1973, 2133, 0.00651, '2024-09-03 06:48:14', '2024-09-03 06:48:14'),
(1974, 2136, 0.23453, '2024-09-03 06:48:14', '2024-09-03 06:48:14'),
(1975, 2138, 0.03909, '2024-09-03 06:48:14', '2024-09-03 06:48:14');

-- --------------------------------------------------------

--
-- Struktur dari tabel `alternative_priorities`
--

CREATE TABLE `alternative_priorities` (
  `id` int(10) UNSIGNED NOT NULL,
  `criteria_id` int(10) UNSIGNED NOT NULL,
  `alternative_id` int(10) UNSIGNED NOT NULL,
  `value` double(8,5) NOT NULL,
  `created_at` timestamp NULL DEFAULT NULL,
  `updated_at` timestamp NULL DEFAULT NULL
) ENGINE=InnoDB DEFAULT CHARSET=utf8 COLLATE=utf8_unicode_ci;

--
-- Dumping data untuk tabel `alternative_priorities`
--

INSERT INTO `alternative_priorities` (`id`, `criteria_id`, `alternative_id`, `value`, `created_at`, `updated_at`) VALUES
(79, 15, 2, 0.19680, '2024-09-02 18:57:12', '2024-09-02 20:06:30'),
(80, 15, 25, 0.17203, '2024-09-02 18:57:12', '2024-09-02 20:06:30'),
(81, 15, 26, 0.15403, '2024-09-02 18:57:12', '2024-09-02 20:06:30'),
(82, 15, 27, 0.14085, '2024-09-02 18:57:12', '2024-09-02 20:06:30'),
(83, 15, 28, 0.12538, '2024-09-02 18:57:12', '2024-09-02 20:06:30'),
(84, 15, 29, 0.04511, '2024-09-02 18:57:12', '2024-09-02 20:06:30'),
(85, 15, 30, 0.06819, '2024-09-02 18:57:12', '2024-09-02 20:06:30'),
(86, 15, 31, 0.04881, '2024-09-02 18:57:12', '2024-09-02 20:06:30'),
(88, 16, 2, 0.21750, '2024-09-02 19:04:43', '2024-09-02 20:08:23'),
(89, 16, 25, 0.19428, '2024-09-02 19:04:43', '2024-09-02 20:08:24'),
(90, 16, 26, 0.16756, '2024-09-02 19:04:43', '2024-09-02 20:08:24'),
(91, 16, 27, 0.10898, '2024-09-02 19:04:43', '2024-09-02 20:08:24'),
(92, 16, 28, 0.08454, '2024-09-02 19:04:43', '2024-09-02 20:08:24'),
(93, 16, 29, 0.07272, '2024-09-02 19:04:43', '2024-09-02 20:08:24'),
(94, 16, 30, 0.08494, '2024-09-02 19:04:43', '2024-09-02 20:08:24'),
(95, 16, 31, 0.04680, '2024-09-02 19:04:43', '2024-09-02 20:08:24'),
(97, 17, 2, 0.31607, '2024-09-02 19:56:50', '2024-09-02 20:10:17'),
(98, 17, 25, 0.18257, '2024-09-02 19:56:50', '2024-09-02 20:10:17'),
(99, 17, 26, 0.12548, '2024-09-02 19:56:50', '2024-09-02 20:10:17'),
(100, 17, 27, 0.12082, '2024-09-02 19:56:50', '2024-09-02 20:10:17'),
(101, 17, 28, 0.10036, '2024-09-02 19:56:50', '2024-09-02 20:10:17'),
(102, 17, 29, 0.06042, '2024-09-02 19:56:50', '2024-09-02 20:10:17'),
(103, 17, 30, 0.04120, '2024-09-02 19:56:50', '2024-09-02 20:10:17'),
(104, 17, 31, 0.03093, '2024-09-02 19:56:50', '2024-09-02 20:10:17'),
(106, 18, 2, 0.15722, '2024-09-03 06:48:14', '2024-09-03 06:48:14'),
(107, 18, 25, 0.05951, '2024-09-03 06:48:14', '2024-09-03 06:48:14'),
(108, 18, 26, 0.12707, '2024-09-03 06:48:14', '2024-09-03 06:48:14'),
(109, 18, 27, 0.14626, '2024-09-03 06:48:15', '2024-09-03 06:48:15'),
(110, 18, 28, 0.05305, '2024-09-03 06:48:15', '2024-09-03 06:48:15'),
(111, 18, 29, 0.20301, '2024-09-03 06:48:15', '2024-09-03 06:48:15'),
(112, 18, 30, 0.14866, '2024-09-03 06:48:15', '2024-09-03 06:48:15'),
(113, 18, 31, 0.10522, '2024-09-03 06:48:15', '2024-09-03 06:48:15');

-- --------------------------------------------------------

--
-- Struktur dari tabel `criterias`
--

CREATE TABLE `criterias` (
  `id` int(10) UNSIGNED NOT NULL,
  `code` varchar(255) COLLATE utf8_unicode_ci NOT NULL,
  `name` varchar(255) COLLATE utf8_unicode_ci NOT NULL,
  `created_at` timestamp NULL DEFAULT NULL,
  `updated_at` timestamp NULL DEFAULT NULL,
  `deleted_at` timestamp NULL DEFAULT NULL
) ENGINE=InnoDB DEFAULT CHARSET=utf8 COLLATE=utf8_unicode_ci;

--
-- Dumping data untuk tabel `criterias`
--

INSERT INTO `criterias` (`id`, `code`, `name`, `created_at`, `updated_at`, `deleted_at`) VALUES
(15, 'C2', 'Usia', '2024-09-02 18:30:35', '2024-09-02 18:30:35', NULL),
(16, 'C3', 'LILA', '2024-09-02 18:30:44', '2024-09-02 18:30:44', NULL),
(17, 'C4', 'Berat Badan', '2024-09-02 18:30:54', '2024-09-02 18:30:54', NULL),
(18, 'C5', 'Faktor Resiko', '2024-09-03 06:41:55', '2024-09-03 06:41:55', NULL);

-- --------------------------------------------------------

--
-- Struktur dari tabel `criteria_comparisons`
--

CREATE TABLE `criteria_comparisons` (
  `id` int(10) UNSIGNED NOT NULL,
  `first_criteria_id` int(10) UNSIGNED NOT NULL,
  `value` double(8,2) NOT NULL,
  `second_criteria_id` int(10) UNSIGNED NOT NULL,
  `created_at` timestamp NULL DEFAULT NULL,
  `updated_at` timestamp NULL DEFAULT NULL
) ENGINE=InnoDB DEFAULT CHARSET=utf8 COLLATE=utf8_unicode_ci;

--
-- Dumping data untuk tabel `criteria_comparisons`
--

INSERT INTO `criteria_comparisons` (`id`, `first_criteria_id`, `value`, `second_criteria_id`, `created_at`, `updated_at`) VALUES
(26, 15, 1.00, 15, '2024-09-02 18:30:35', '2024-09-02 18:30:35'),
(27, 16, 1.00, 16, '2024-09-02 18:30:44', '2024-09-02 18:30:44'),
(28, 17, 1.00, 17, '2024-09-02 18:30:54', '2024-09-02 18:30:54'),
(35, 15, 5.00, 16, '2024-09-02 18:41:32', '2024-09-02 19:06:05'),
(36, 16, 0.20, 15, '2024-09-02 18:41:32', '2024-09-02 19:06:05'),
(37, 15, 5.00, 17, '2024-09-02 18:41:52', '2024-09-02 18:41:52'),
(38, 17, 0.20, 15, '2024-09-02 18:41:52', '2024-09-02 18:41:52'),
(39, 17, 0.20, 16, '2024-09-02 18:42:28', '2024-09-02 19:06:17'),
(40, 16, 5.00, 17, '2024-09-02 18:42:28', '2024-09-02 19:06:17'),
(41, 18, 1.00, 18, '2024-09-03 06:41:56', '2024-09-03 06:41:56'),
(42, 15, 2.00, 18, '2024-09-03 06:42:11', '2024-09-03 06:42:11'),
(43, 18, 0.50, 15, '2024-09-03 06:42:11', '2024-09-03 06:42:11'),
(44, 16, 7.00, 18, '2024-09-03 06:42:17', '2024-09-03 06:42:17'),
(45, 18, 0.14, 16, '2024-09-03 06:42:17', '2024-09-03 06:42:17'),
(46, 17, 7.00, 18, '2024-09-03 06:42:25', '2024-09-03 06:42:25'),
(47, 18, 0.14, 17, '2024-09-03 06:42:25', '2024-09-03 06:42:25');

-- --------------------------------------------------------

--
-- Struktur dari tabel `criteria_normalizations`
--

CREATE TABLE `criteria_normalizations` (
  `id` int(10) UNSIGNED NOT NULL,
  `comparison_id` int(10) UNSIGNED NOT NULL,
  `value` double(8,4) NOT NULL,
  `created_at` timestamp NULL DEFAULT NULL,
  `updated_at` timestamp NULL DEFAULT NULL
) ENGINE=InnoDB DEFAULT CHARSET=utf8 COLLATE=utf8_unicode_ci;

--
-- Dumping data untuk tabel `criteria_normalizations`
--

INSERT INTO `criteria_normalizations` (`id`, `comparison_id`, `value`, `created_at`, `updated_at`) VALUES
(20, 26, 0.5263, '2024-09-02 18:31:17', '2024-09-03 06:42:29'),
(21, 27, 0.1577, '2024-09-02 18:31:17', '2024-09-03 06:42:29'),
(22, 28, 0.0898, '2024-09-02 18:31:17', '2024-09-03 06:42:29'),
(27, 36, 0.1053, '2024-09-02 18:42:32', '2024-09-03 06:42:29'),
(28, 38, 0.1053, '2024-09-02 18:42:32', '2024-09-03 06:42:29'),
(30, 35, 0.7886, '2024-09-02 18:42:32', '2024-09-03 06:42:29'),
(31, 39, 0.0315, '2024-09-02 18:42:32', '2024-09-03 06:42:29'),
(33, 37, 0.4488, '2024-09-02 18:42:32', '2024-09-03 06:42:29'),
(34, 40, 0.4488, '2024-09-02 18:42:32', '2024-09-03 06:42:29'),
(35, 43, 0.2632, '2024-09-03 06:42:29', '2024-09-03 06:42:29'),
(36, 45, 0.0221, '2024-09-03 06:42:29', '2024-09-03 06:42:29'),
(37, 47, 0.0126, '2024-09-03 06:42:29', '2024-09-03 06:42:29'),
(38, 41, 0.0588, '2024-09-03 06:42:29', '2024-09-03 06:42:29'),
(39, 42, 0.1176, '2024-09-03 06:42:29', '2024-09-03 06:42:29'),
(40, 44, 0.4118, '2024-09-03 06:42:29', '2024-09-03 06:42:29'),
(41, 46, 0.4118, '2024-09-03 06:42:29', '2024-09-03 06:42:29');

-- --------------------------------------------------------

--
-- Struktur dari tabel `criteria_priorities`
--

CREATE TABLE `criteria_priorities` (
  `id` int(10) UNSIGNED NOT NULL,
  `criteria_id` int(10) UNSIGNED NOT NULL,
  `value` double(8,4) NOT NULL,
  `created_at` timestamp NULL DEFAULT NULL,
  `updated_at` timestamp NULL DEFAULT NULL
) ENGINE=InnoDB DEFAULT CHARSET=utf8 COLLATE=utf8_unicode_ci;

--
-- Dumping data untuk tabel `criteria_priorities`
--

INSERT INTO `criteria_priorities` (`id`, `criteria_id`, `value`, `created_at`, `updated_at`) VALUES
(8, 15, 0.4703, '2024-09-02 18:31:17', '2024-09-03 06:42:29'),
(9, 16, 0.2809, '2024-09-02 18:31:17', '2024-09-03 06:42:29'),
(10, 17, 0.1596, '2024-09-02 18:31:17', '2024-09-03 06:42:29'),
(11, 18, 0.0892, '2024-09-03 06:42:29', '2024-09-03 06:42:29');

-- --------------------------------------------------------

--
-- Struktur dari tabel `index_random`
--

CREATE TABLE `index_random` (
  `id` int(10) UNSIGNED NOT NULL,
  `n` tinyint(3) UNSIGNED NOT NULL,
  `IR` double(8,2) NOT NULL DEFAULT 0.00,
  `created_at` timestamp NULL DEFAULT NULL,
  `updated_at` timestamp NULL DEFAULT NULL
) ENGINE=InnoDB DEFAULT CHARSET=utf8 COLLATE=utf8_unicode_ci;

--
-- Dumping data untuk tabel `index_random`
--

INSERT INTO `index_random` (`id`, `n`, `IR`, `created_at`, `updated_at`) VALUES
(1, 1, 0.00, NULL, NULL),
(2, 2, 0.00, NULL, NULL),
(3, 3, 0.58, NULL, NULL),
(4, 4, 0.90, NULL, NULL),
(5, 5, 1.12, NULL, NULL),
(6, 6, 1.24, NULL, NULL),
(7, 7, 1.32, NULL, NULL),
(8, 8, 1.41, NULL, NULL),
(9, 9, 1.45, NULL, NULL),
(10, 10, 1.49, NULL, NULL);

-- --------------------------------------------------------

--
-- Struktur dari tabel `migrations`
--

CREATE TABLE `migrations` (
  `id` int(10) UNSIGNED NOT NULL,
  `migration` varchar(255) COLLATE utf8_unicode_ci NOT NULL,
  `batch` int(11) NOT NULL
) ENGINE=InnoDB DEFAULT CHARSET=utf8 COLLATE=utf8_unicode_ci;

--
-- Dumping data untuk tabel `migrations`
--

INSERT INTO `migrations` (`id`, `migration`, `batch`) VALUES
(1, '2014_10_12_000000_create_users_table', 1),
(2, '2018_11_27_001124_create_roles_table', 1),
(3, '2018_11_27_001516_create_role_user_table', 1),
(4, '2018_11_27_082023_create_criterias_table', 1),
(5, '2018_11_27_082143_create_alternatives_table', 1),
(6, '2018_11_27_083235_create_alternative_details_table', 1),
(7, '2018_12_03_132203_create_criteria_comparisons_table', 1),
(8, '2018_12_04_062859_create_rating_scales_table', 1),
(9, '2018_12_05_011024_create_criteria_normalizations_table', 1),
(10, '2018_12_05_045538_create_criteria_priorities_table', 1),
(11, '2018_12_16_031947_create_alternative_comparisons_table', 1),
(12, '2018_12_16_105826_create_alternative_normalizations_table', 1),
(13, '2018_12_16_131631_create_alternative_priorities_table', 1),
(14, '2018_12_18_103508_create_index_randoms_table', 1);

-- --------------------------------------------------------

--
-- Struktur dari tabel `rating_scales`
--

CREATE TABLE `rating_scales` (
  `id` int(10) UNSIGNED NOT NULL,
  `value` int(10) UNSIGNED NOT NULL,
  `caption` varchar(255) COLLATE utf8_unicode_ci DEFAULT NULL,
  `detail` varchar(255) COLLATE utf8_unicode_ci DEFAULT NULL,
  `created_at` timestamp NULL DEFAULT NULL,
  `updated_at` timestamp NULL DEFAULT NULL
) ENGINE=InnoDB DEFAULT CHARSET=utf8 COLLATE=utf8_unicode_ci;

--
-- Dumping data untuk tabel `rating_scales`
--

INSERT INTO `rating_scales` (`id`, `value`, `caption`, `detail`, `created_at`, `updated_at`) VALUES
(1, 1, 'Sama pentingnya', 'Kedua elemen mempunyai pengaruh yang sama.', NULL, NULL),
(2, 2, 'Rata-rata', 'Nilai-nilai antara dua nilai pertimbangan-pertimbangan yang berdekatan, Nilai ini diberikan bila ada dua kompromi di antara 2 pilihan.', NULL, NULL),
(3, 3, 'Sedikit lebih penting', 'Pengalaman dan penilaian sangat memihak satu elemen dibandingkan dengan pasangannya.', NULL, NULL),
(4, 4, 'Rata-rata', 'Nilai-nilai antara dua nilai pertimbangan-pertimbangan yang berdekatan, Nilai ini diberikan bila ada dua kompromi di antara 2 pilihan.', NULL, NULL),
(5, 5, 'Lebih Penting', 'Satu elemen sangat disukai dan secara praktis dominasinya sangat nyata, dibandingkan dengan elemen pasangannya.', NULL, NULL),
(6, 6, 'Rata-rata', 'Nilai-nilai antara dua nilai pertimbangan-pertimbangan yang berdekatan, Nilai ini diberikan bila ada dua kompromi di antara 2 pilihan.', NULL, NULL),
(7, 7, 'Sangat penting', 'Satu elemen terbukti sangat disukai dan secara praktis dominasinya sangat, dibandingkan dengan elemen pasangannya.', NULL, NULL),
(8, 8, 'Rata-rata', 'Nilai-nilai antara dua nilai pertimbangan-pertimbangan yang berdekatan, Nilai ini diberikan bila ada dua kompromi di antara 2 pilihan.', NULL, NULL),
(9, 9, 'Mutlak lebih penting', 'Satu elemen mutlak lebih disukai dibandingkan dengan pasangannya, pada tingkat keyakinan tertinggi', NULL, NULL);

-- --------------------------------------------------------

--
-- Struktur dari tabel `roles`
--

CREATE TABLE `roles` (
  `id` int(10) UNSIGNED NOT NULL,
  `name` varchar(255) COLLATE utf8_unicode_ci NOT NULL,
  `display_name` varchar(255) COLLATE utf8_unicode_ci NOT NULL,
  `created_at` timestamp NULL DEFAULT NULL,
  `updated_at` timestamp NULL DEFAULT NULL,
  `deleted_at` timestamp NULL DEFAULT NULL
) ENGINE=InnoDB DEFAULT CHARSET=utf8 COLLATE=utf8_unicode_ci;

--
-- Dumping data untuk tabel `roles`
--

INSERT INTO `roles` (`id`, `name`, `display_name`, `created_at`, `updated_at`, `deleted_at`) VALUES
(1, 'superadmin', 'Superadmin', NULL, NULL, NULL),
(2, 'admin', 'Administrator', NULL, NULL, NULL),
(3, 'user', 'User', NULL, NULL, NULL),
(4, 'superadmin', 'Superadmin', NULL, NULL, NULL),
(5, 'admin', 'Administrator', NULL, NULL, NULL),
(6, 'user', 'User', NULL, NULL, NULL);

-- --------------------------------------------------------

--
-- Struktur dari tabel `role_user`
--

CREATE TABLE `role_user` (
  `id` int(10) UNSIGNED NOT NULL,
  `user_id` int(10) UNSIGNED NOT NULL,
  `role_id` int(10) UNSIGNED NOT NULL,
  `created_at` timestamp NULL DEFAULT NULL,
  `updated_at` timestamp NULL DEFAULT NULL
) ENGINE=InnoDB DEFAULT CHARSET=utf8 COLLATE=utf8_unicode_ci;

--
-- Dumping data untuk tabel `role_user`
--

INSERT INTO `role_user` (`id`, `user_id`, `role_id`, `created_at`, `updated_at`) VALUES
(1, 1, 1, NULL, NULL),
(2, 2, 3, NULL, NULL),
(3, 3, 1, NULL, NULL),
(4, 4, 3, NULL, NULL);

-- --------------------------------------------------------

--
-- Struktur dari tabel `users`
--

CREATE TABLE `users` (
  `id` int(10) UNSIGNED NOT NULL,
  `name` varchar(255) COLLATE utf8_unicode_ci NOT NULL,
  `username` varchar(255) COLLATE utf8_unicode_ci NOT NULL,
  `email` varchar(255) COLLATE utf8_unicode_ci DEFAULT NULL,
  `email_verified_at` timestamp NULL DEFAULT NULL,
  `password` varchar(255) COLLATE utf8_unicode_ci NOT NULL,
  `remember_token` varchar(100) COLLATE utf8_unicode_ci DEFAULT NULL,
  `created_at` timestamp NULL DEFAULT NULL,
  `updated_at` timestamp NULL DEFAULT NULL,
  `deleted_at` timestamp NULL DEFAULT NULL
) ENGINE=InnoDB DEFAULT CHARSET=utf8 COLLATE=utf8_unicode_ci;

--
-- Dumping data untuk tabel `users`
--

INSERT INTO `users` (`id`, `name`, `username`, `email`, `email_verified_at`, `password`, `remember_token`, `created_at`, `updated_at`, `deleted_at`) VALUES
(1, 'Caesar Ali L.', 'caesarali', 'caesaralilamondo@gmail.com', NULL, '$2y$10$i9sSv34yeZwiAyIBedLz.edawzAN7FVlfLA9w7jQvQIF9IDKk9s9q', NULL, '2024-08-31 03:32:56', '2024-08-31 03:32:56', NULL),
(2, 'Ganda', 'Ganda', 'stmikakba@sipilma', NULL, '$2y$10$YCRUvBUTf.jLbySkBUU02.34CIEnBlSfN9EaPhgMHgnEwS8ZypuZy', NULL, '2024-08-31 03:32:56', '2024-08-31 03:32:56', NULL),
(3, 'Iksandra', 'iksandra', 'iksandra@gmail.com', NULL, '$2y$10$ZE7kEDYdPNlmmoLPJ2HSt.JzaslkBrC/08sVac0zdnPN.zERdmdEm', 'GN2Ltjyeu1KNRi1K9aKk0af3CK7oxmVtfrK3x66rcJhayS5ziSuZWB8FJ4uH', '2024-09-01 18:38:14', '2024-09-01 18:38:14', NULL),
(4, 'User Iksandra', 'user', 'user@gmail.com', NULL, '$2y$10$RSXwGzgDyXi6qFg6L5BCgOEk3BS6yjCHNIQV/fV5jr9JbySMQviSq', NULL, '2024-09-01 18:38:14', '2024-09-01 18:38:14', NULL);

--
-- Indexes for dumped tables
--

--
-- Indeks untuk tabel `alternatives`
--
ALTER TABLE `alternatives`
  ADD PRIMARY KEY (`id`),
  ADD UNIQUE KEY `alternatives_code_unique` (`code`);

--
-- Indeks untuk tabel `alternative_comparisons`
--
ALTER TABLE `alternative_comparisons`
  ADD PRIMARY KEY (`id`),
  ADD KEY `alternative_comparisons_criteria_id_foreign` (`criteria_id`),
  ADD KEY `alternative_comparisons_x_alternative_id_foreign` (`x_alternative_id`),
  ADD KEY `alternative_comparisons_y_alternative_id_foreign` (`y_alternative_id`);

--
-- Indeks untuk tabel `alternative_details`
--
ALTER TABLE `alternative_details`
  ADD PRIMARY KEY (`id`),
  ADD KEY `alternative_details_alternative_id_foreign` (`alternative_id`),
  ADD KEY `alternative_details_criteria_id_foreign` (`criteria_id`);

--
-- Indeks untuk tabel `alternative_normalizations`
--
ALTER TABLE `alternative_normalizations`
  ADD PRIMARY KEY (`id`),
  ADD KEY `alternative_normalizations_comparison_id_foreign` (`comparison_id`);

--
-- Indeks untuk tabel `alternative_priorities`
--
ALTER TABLE `alternative_priorities`
  ADD PRIMARY KEY (`id`),
  ADD KEY `alternative_priorities_criteria_id_foreign` (`criteria_id`),
  ADD KEY `alternative_priorities_alternative_id_foreign` (`alternative_id`);

--
-- Indeks untuk tabel `criterias`
--
ALTER TABLE `criterias`
  ADD PRIMARY KEY (`id`),
  ADD UNIQUE KEY `criterias_code_unique` (`code`);

--
-- Indeks untuk tabel `criteria_comparisons`
--
ALTER TABLE `criteria_comparisons`
  ADD PRIMARY KEY (`id`),
  ADD KEY `criteria_comparisons_first_criteria_id_foreign` (`first_criteria_id`),
  ADD KEY `criteria_comparisons_second_criteria_id_foreign` (`second_criteria_id`);

--
-- Indeks untuk tabel `criteria_normalizations`
--
ALTER TABLE `criteria_normalizations`
  ADD PRIMARY KEY (`id`),
  ADD KEY `criteria_normalizations_comparison_id_foreign` (`comparison_id`);

--
-- Indeks untuk tabel `criteria_priorities`
--
ALTER TABLE `criteria_priorities`
  ADD PRIMARY KEY (`id`),
  ADD KEY `criteria_priorities_criteria_id_foreign` (`criteria_id`);

--
-- Indeks untuk tabel `index_random`
--
ALTER TABLE `index_random`
  ADD PRIMARY KEY (`id`);

--
-- Indeks untuk tabel `migrations`
--
ALTER TABLE `migrations`
  ADD PRIMARY KEY (`id`);

--
-- Indeks untuk tabel `rating_scales`
--
ALTER TABLE `rating_scales`
  ADD PRIMARY KEY (`id`);

--
-- Indeks untuk tabel `roles`
--
ALTER TABLE `roles`
  ADD PRIMARY KEY (`id`);

--
-- Indeks untuk tabel `role_user`
--
ALTER TABLE `role_user`
  ADD PRIMARY KEY (`id`),
  ADD KEY `role_user_user_id_foreign` (`user_id`),
  ADD KEY `role_user_role_id_foreign` (`role_id`);

--
-- Indeks untuk tabel `users`
--
ALTER TABLE `users`
  ADD PRIMARY KEY (`id`),
  ADD UNIQUE KEY `users_username_unique` (`username`),
  ADD UNIQUE KEY `users_email_unique` (`email`);

--
-- AUTO_INCREMENT untuk tabel yang dibuang
--

--
-- AUTO_INCREMENT untuk tabel `alternatives`
--
ALTER TABLE `alternatives`
  MODIFY `id` int(10) UNSIGNED NOT NULL AUTO_INCREMENT, AUTO_INCREMENT=34;

--
-- AUTO_INCREMENT untuk tabel `alternative_comparisons`
--
ALTER TABLE `alternative_comparisons`
  MODIFY `id` int(10) UNSIGNED NOT NULL AUTO_INCREMENT, AUTO_INCREMENT=2139;

--
-- AUTO_INCREMENT untuk tabel `alternative_details`
--
ALTER TABLE `alternative_details`
  MODIFY `id` int(10) UNSIGNED NOT NULL AUTO_INCREMENT, AUTO_INCREMENT=133;

--
-- AUTO_INCREMENT untuk tabel `alternative_normalizations`
--
ALTER TABLE `alternative_normalizations`
  MODIFY `id` int(10) UNSIGNED NOT NULL AUTO_INCREMENT, AUTO_INCREMENT=1976;

--
-- AUTO_INCREMENT untuk tabel `alternative_priorities`
--
ALTER TABLE `alternative_priorities`
  MODIFY `id` int(10) UNSIGNED NOT NULL AUTO_INCREMENT, AUTO_INCREMENT=114;

--
-- AUTO_INCREMENT untuk tabel `criterias`
--
ALTER TABLE `criterias`
  MODIFY `id` int(10) UNSIGNED NOT NULL AUTO_INCREMENT, AUTO_INCREMENT=19;

--
-- AUTO_INCREMENT untuk tabel `criteria_comparisons`
--
ALTER TABLE `criteria_comparisons`
  MODIFY `id` int(10) UNSIGNED NOT NULL AUTO_INCREMENT, AUTO_INCREMENT=48;

--
-- AUTO_INCREMENT untuk tabel `criteria_normalizations`
--
ALTER TABLE `criteria_normalizations`
  MODIFY `id` int(10) UNSIGNED NOT NULL AUTO_INCREMENT, AUTO_INCREMENT=42;

--
-- AUTO_INCREMENT untuk tabel `criteria_priorities`
--
ALTER TABLE `criteria_priorities`
  MODIFY `id` int(10) UNSIGNED NOT NULL AUTO_INCREMENT, AUTO_INCREMENT=12;

--
-- AUTO_INCREMENT untuk tabel `index_random`
--
ALTER TABLE `index_random`
  MODIFY `id` int(10) UNSIGNED NOT NULL AUTO_INCREMENT, AUTO_INCREMENT=11;

--
-- AUTO_INCREMENT untuk tabel `migrations`
--
ALTER TABLE `migrations`
  MODIFY `id` int(10) UNSIGNED NOT NULL AUTO_INCREMENT, AUTO_INCREMENT=15;

--
-- AUTO_INCREMENT untuk tabel `rating_scales`
--
ALTER TABLE `rating_scales`
  MODIFY `id` int(10) UNSIGNED NOT NULL AUTO_INCREMENT, AUTO_INCREMENT=10;

--
-- AUTO_INCREMENT untuk tabel `roles`
--
ALTER TABLE `roles`
  MODIFY `id` int(10) UNSIGNED NOT NULL AUTO_INCREMENT, AUTO_INCREMENT=7;

--
-- AUTO_INCREMENT untuk tabel `role_user`
--
ALTER TABLE `role_user`
  MODIFY `id` int(10) UNSIGNED NOT NULL AUTO_INCREMENT, AUTO_INCREMENT=5;

--
-- AUTO_INCREMENT untuk tabel `users`
--
ALTER TABLE `users`
  MODIFY `id` int(10) UNSIGNED NOT NULL AUTO_INCREMENT, AUTO_INCREMENT=5;

--
-- Ketidakleluasaan untuk tabel pelimpahan (Dumped Tables)
--

--
-- Ketidakleluasaan untuk tabel `alternative_comparisons`
--
ALTER TABLE `alternative_comparisons`
  ADD CONSTRAINT `alternative_comparisons_criteria_id_foreign` FOREIGN KEY (`criteria_id`) REFERENCES `criterias` (`id`) ON DELETE CASCADE,
  ADD CONSTRAINT `alternative_comparisons_x_alternative_id_foreign` FOREIGN KEY (`x_alternative_id`) REFERENCES `alternatives` (`id`) ON DELETE CASCADE,
  ADD CONSTRAINT `alternative_comparisons_y_alternative_id_foreign` FOREIGN KEY (`y_alternative_id`) REFERENCES `alternatives` (`id`) ON DELETE CASCADE;

--
-- Ketidakleluasaan untuk tabel `alternative_details`
--
ALTER TABLE `alternative_details`
  ADD CONSTRAINT `alternative_details_alternative_id_foreign` FOREIGN KEY (`alternative_id`) REFERENCES `alternatives` (`id`) ON DELETE CASCADE,
  ADD CONSTRAINT `alternative_details_criteria_id_foreign` FOREIGN KEY (`criteria_id`) REFERENCES `criterias` (`id`) ON DELETE CASCADE;

--
-- Ketidakleluasaan untuk tabel `alternative_normalizations`
--
ALTER TABLE `alternative_normalizations`
  ADD CONSTRAINT `alternative_normalizations_comparison_id_foreign` FOREIGN KEY (`comparison_id`) REFERENCES `alternative_comparisons` (`id`) ON DELETE CASCADE;

--
-- Ketidakleluasaan untuk tabel `alternative_priorities`
--
ALTER TABLE `alternative_priorities`
  ADD CONSTRAINT `alternative_priorities_alternative_id_foreign` FOREIGN KEY (`alternative_id`) REFERENCES `alternatives` (`id`) ON DELETE CASCADE,
  ADD CONSTRAINT `alternative_priorities_criteria_id_foreign` FOREIGN KEY (`criteria_id`) REFERENCES `criterias` (`id`) ON DELETE CASCADE;

--
-- Ketidakleluasaan untuk tabel `criteria_comparisons`
--
ALTER TABLE `criteria_comparisons`
  ADD CONSTRAINT `criteria_comparisons_first_criteria_id_foreign` FOREIGN KEY (`first_criteria_id`) REFERENCES `criterias` (`id`) ON DELETE CASCADE,
  ADD CONSTRAINT `criteria_comparisons_second_criteria_id_foreign` FOREIGN KEY (`second_criteria_id`) REFERENCES `criterias` (`id`) ON DELETE CASCADE;

--
-- Ketidakleluasaan untuk tabel `criteria_normalizations`
--
ALTER TABLE `criteria_normalizations`
  ADD CONSTRAINT `criteria_normalizations_comparison_id_foreign` FOREIGN KEY (`comparison_id`) REFERENCES `criteria_comparisons` (`id`) ON DELETE CASCADE;

--
-- Ketidakleluasaan untuk tabel `criteria_priorities`
--
ALTER TABLE `criteria_priorities`
  ADD CONSTRAINT `criteria_priorities_criteria_id_foreign` FOREIGN KEY (`criteria_id`) REFERENCES `criterias` (`id`) ON DELETE CASCADE;

--
-- Ketidakleluasaan untuk tabel `role_user`
--
ALTER TABLE `role_user`
  ADD CONSTRAINT `role_user_role_id_foreign` FOREIGN KEY (`role_id`) REFERENCES `roles` (`id`),
  ADD CONSTRAINT `role_user_user_id_foreign` FOREIGN KEY (`user_id`) REFERENCES `users` (`id`);
COMMIT;

/*!40101 SET CHARACTER_SET_CLIENT=@OLD_CHARACTER_SET_CLIENT */;
/*!40101 SET CHARACTER_SET_RESULTS=@OLD_CHARACTER_SET_RESULTS */;
/*!40101 SET COLLATION_CONNECTION=@OLD_COLLATION_CONNECTION */;
